Serial,Id,Conservation,Openness to change,Hedonism,Self-enhancement,Self-transcendence
0,051Craig,0.45702,0.820377,0.939839,0.585012,0.329398
1,25AGS,0.706794,0.334422,0.791225,0.490109,0.02202
3,409Cristina,0.25044,0.442961,0.670493,0.298666,0.13197
4,411video,0.699851,0.349591,0.581641,0.19798,0.24438
5,47of74,0.325719,0.451317,0.699811,0.131303,0.09866
6,50centwingnight,0.369783,0.425759,0.891789,0.15536,0.282896
7,73Peace,0.202096,0.506788,0.757712,0.166439,0.272697
8,81GMB,0.513129,0.407945,0.603082,0.067006,0.190261
9,abdoll914,0.267599,0.391575,0.618041,0.144122,0.041463
10,abigailcocanut,0.715132,0.474125,0.799198,0.147374,0.405037
11,achixanthem,0.178867,0.458475,0.74754,0.356686,0.200206
12,aczhang0,0.519038,0.328549,0.510552,0.127453,0.051714
13,AdamBrill1,0.577504,0.650536,0.793859,0.326885,0.153601
14,AdeptlyTina,0.337091,0.505816,0.743001,0.13338,0.311643
15,adrian9583,0.509712,0.377348,0.398555,0.085321,0.115361
16,AdventureSetter,0.306263,0.49134,0.605023,0.094662,0.506887
17,afitnerd,0.343271,0.346439,0.523954,0.122768,0.181418
18,Agnessssss25,0.771196,0.602082,0.749364,0.231578,0.439665
20,aimeedegroff,0.269227,0.57811,0.727894,0.239453,0.187721
21,aj_baldwin,0.565986,0.446227,0.667583,0.2445,0.155054
22,AKauwela,0.169899,0.494755,0.815596,0.129316,0.389518
23,AKC_Lynch,0.169414,0.473705,0.599473,0.37777,0.446812
24,AlanStump1,0.050621,0.389424,0.651839,0.033689,0.114975
25,Albertunm3,0.221956,0.471976,0.560935,0.303304,0.454718
26,alexiswk,0.644271,0.472008,0.839479,0.187175,0.310106
27,AlexMcGreevy2,0.218736,0.26948,0.66228,0.142339,0.104149
28,alexwarrior,0.184036,0.412043,0.6818,0.078753,0.113639
29,allison6071,0.561593,0.917599,0.896261,0.715096,0.711558
31,amaesquire,0.41392,0.294429,0.708453,0.040055,0.097321
32,amastop02,0.259245,0.726395,0.922272,0.384779,0.286939
33,ambokparedes,0.669855,0.547645,0.800853,0.579957,0.360352
34,amelialeung91,0.490683,0.537332,0.815548,0.226727,0.291971
35,AMOrmsby,0.280604,0.526176,0.623184,0.19719,0.360442
36,Amppt,0.289073,0.167808,0.533559,0.052864,0.035959
37,AmyAlviraMay,0.518753,0.726584,0.797868,0.368515,0.557249
38,amy_armstrong,0.157702,0.317957,0.568195,0.069035,0.258119
39,AndbroPhoto,0.372172,0.662099,0.498419,0.319195,0.202876
40,Andrethorpe,0.416989,0.564494,0.535634,0.205583,0.064336
41,andrewj4442,0.563524,0.311045,0.543985,0.039158,0.115574
42,Andrew_Scott84,0.263942,0.643424,0.788752,0.478976,0.044614
45,AngelRTalk,0.253051,0.671042,0.823249,0.418893,0.502949
46,AniRayne33,0.325346,0.468898,0.86711,0.212991,0.24212
47,AnKeEzY,0.44473,0.536089,0.943081,0.434743,0.206234
48,Antonella514,0.59402,0.407176,0.685136,0.180368,0.184226
51,Applegirl125,0.44754,0.208047,0.60872,0.055449,0.182614
52,ARo_17,0.411937,0.059022,0.610571,0.072902,0.019152
53,ARTEMISALULO,0.281177,0.393534,0.578872,0.281365,0.060968
54,ArthurInglewood,0.157672,0.330498,0.473284,0.061923,0.159278
55,ArtsandClouds,0.265131,0.773929,0.625984,0.227987,0.349766
56,ASephiroth,0.237586,0.457079,0.647353,0.204807,0.256822
57,Ashleyzeal01,0.468384,0.889512,0.844423,0.550532,0.695786
58,AstoriaSean,0.360338,0.344551,0.856997,0.336518,0.136585
59,AthVol,0.248667,0.33169,0.506433,0.02707,0.173863
60,Atty4Homeowners,0.330759,0.092985,0.465324,0.021387,0.080921
61,Aud22,0.449825,0.623931,0.817896,0.206811,0.364657
62,Audioscapist,0.296976,0.700857,0.918804,0.342536,0.687078
64,BabyBoy120177,0.260239,0.428648,0.707737,0.28601,0.475774
65,babytata,0.233854,0.352812,0.785729,0.069712,0.162786
66,baldfatguy,0.405481,0.432477,0.735969,0.159674,0.23605
67,BAlexJazz,0.41887,0.881739,0.625062,0.429013,0.762713
68,banazir,0.355592,0.295666,0.234524,0.137191,0.165087
69,BarefootKnitter,0.236448,0.486992,0.665514,0.267928,0.510741
70,BargamesJohnny,0.22345,0.445251,0.67493,0.252614,0.426167
71,BarryDonegan,0.295348,0.301581,0.723148,0.426183,0.12679
72,basphotodesign,0.592884,0.3681,0.722551,0.272413,0.218268
73,bassmaniacriley,0.354894,0.658552,0.740207,0.1283,0.251879
74,Bazmotors,0.051727,0.20231,0.383011,0.035238,0.047374
75,bbaize,0.266951,0.573697,0.75669,0.229799,0.410163
76,bbmclamb,0.384383,0.333916,0.782749,0.088945,0.098887
77,bbviloria,0.294483,0.433181,0.668982,0.189731,0.34322
78,BCCarty85,0.352688,0.371991,0.495007,0.07437,0.113004
79,BdayQueenFeb13,0.414337,0.460847,0.854709,0.184361,0.229488
80,beadlady3,0.453323,0.251732,0.681517,0.107733,0.257476
85,benfam6,0.794168,0.293733,0.648681,0.073055,0.269994
86,benficacrazy,0.206205,0.463144,0.654933,0.313178,0.585185
88,BeOurGuestMike,0.545117,0.380059,0.619294,0.456404,0.295667
89,BerFindley,0.761843,0.487897,0.62987,0.060407,0.365439
90,BernmeisterRL,0.549268,0.514338,0.806127,0.211525,0.323637
91,BethanyDyson97,0.690442,0.321103,0.865035,0.41582,0.281958
92,BevsLegs,0.418557,0.583296,0.613789,0.092502,0.309575
93,Bianca251270,0.169758,0.465019,0.421537,0.376533,0.145091
94,bigbroncosfan,0.309073,0.206602,0.514533,0.063008,0.11175
95,BigCheDog,0.289907,0.49504,0.539516,0.12605,0.194658
96,Biggguy069,0.593918,0.501976,0.889137,0.302702,0.219647
97,BigIrishJay,0.5746,0.600357,0.935585,0.568454,0.317792
98,BilldozerChi,0.276733,0.399258,0.870734,0.306955,0.141214
100,Biubiuy,0.454664,0.473799,0.75925,0.245435,0.298421
101,Blacknight1957,0.537629,0.185998,0.35013,0.01664,0.110809
103,BlossomEMDR,0.321606,0.964528,0.675694,0.318413,0.797715
105,bluerampage,0.316275,0.333179,0.773638,0.171648,0.073509
106,BobInspectorBob,0.249787,0.457236,0.669029,0.260234,0.302812
107,BobRodkin,0.580168,0.481896,0.476549,0.119506,0.394907
108,Boham,0.28506,0.406324,0.597891,0.1724,0.364197
109,BonkersOnCoffee,0.472352,0.900266,0.943925,0.511917,0.589806
110,boredgirl260,0.191393,0.24681,0.685261,0.113108,0.146704
111,BradleyScott1,0.146709,0.31095,0.603485,0.07063,0.188271
112,bradwhiffen,0.277481,0.463681,0.720984,0.221924,0.323486
113,BrailleScreen,0.310477,0.560523,0.748422,0.161912,0.386281
114,BrandiHelman,0.482799,0.806739,0.730954,0.27952,0.391084
115,brandonpatton,0.288024,0.430985,0.795155,0.147457,0.210034
116,brandonross,0.234411,0.478424,0.780221,0.323097,0.337831
117,brandylou525,0.679366,0.305152,0.901052,0.463918,0.398946
119,BrittFarnham,0.207897,0.559399,0.73575,0.250955,0.533706
120,BrittnyDrye,0.565509,0.527339,0.806853,0.260814,0.273154
121,brunette427,0.165603,0.457222,0.358715,0.280353,0.59805
125,btfykisses,0.186341,0.436267,0.494692,0.284356,0.301365
126,BTRIPP,0.275118,0.521726,0.720955,0.176376,0.11859
127,budacub,0.410134,0.627994,0.835713,0.210412,0.400636
128,Budgese,0.423861,0.69149,0.628835,0.217117,0.303334
129,budlightmofo,0.200294,0.447346,0.542156,0.289102,0.315887
130,Burradley,0.491409,0.848595,0.95819,0.423109,0.431069
131,BXB_Boy,0.714469,0.365778,0.918004,0.604256,0.266294
132,ByEricThomas,0.264076,0.154343,0.741486,0.33776,0.038439
134,B_Rigby70,0.824546,0.209443,0.586418,0.145763,0.038823
135,cakuberbob,0.239994,0.447083,0.712624,0.327881,0.459316
136,CaldwellSteve,0.593802,0.492939,0.661975,0.066121,0.544895
137,calebfiles,0.132897,0.21431,0.504454,0.055582,0.056149
138,Cally_Dynamite,0.109611,0.625733,0.784723,0.390322,0.074684
139,Cambridgeport90,0.317728,0.337412,0.683856,0.13193,0.252034
142,CapsDuck19,0.370356,0.484554,0.888672,0.178681,0.244077
143,cardassianv0le,0.069514,0.747458,0.745629,0.274976,0.337834
144,CardiffCabby,0.679597,0.34982,0.306831,0.029276,0.136927
147,CarlNelson,0.022258,0.312095,0.48766,0.057893,0.118006
148,CaroG87,0.238741,0.630233,0.849594,0.291444,0.382677
150,CaseyJoChapman,0.774159,0.608211,0.891318,0.447068,0.352523
151,catatatattack,0.336957,0.400358,0.660271,0.123472,0.240459
152,Caztro72,0.404372,0.374324,0.63846,0.341716,0.03727
153,cbaccam23,0.465052,0.580597,0.961725,0.432066,0.166668
154,celebrith,0.11677,0.47783,0.611901,0.156951,0.250417
155,CGS_28,0.261674,0.403642,0.78942,0.261012,0.056712
156,chad_baker,0.378498,0.334779,0.655543,0.189054,0.187701
157,chaile27,0.270058,0.455267,0.776803,0.255372,0.312205
158,charisegarcia,0.336447,0.644303,0.875387,0.4327,0.174684
159,charlene_woolle,0.608518,0.515786,0.851737,0.254523,0.385966
160,charles_leroy,0.525571,0.544414,0.733424,0.295391,0.273677
161,CharlotteFarhan,0.045764,0.569555,0.517654,0.049494,0.474373
162,CHECKthistweet,0.310542,0.57436,0.771448,0.354595,0.595341
163,ChefTimmy29,0.300078,0.47834,0.641372,0.293727,0.040606
164,ChicInspector,0.501177,0.84323,0.933745,0.681419,0.466852
165,ChiILMama,0.690399,0.143133,0.532153,0.209087,0.204404
166,chizog,0.207742,0.405269,0.833956,0.138871,0.169179
167,choralcat,0.16267,0.454712,0.491203,0.319454,0.162415
168,CHPithaca,0.166446,0.472764,0.740354,0.229438,0.231428
169,chrisgwin,0.433996,0.587561,0.923655,0.220424,0.318523
170,chrisholmmusic,0.049971,0.53253,0.820493,0.268432,0.148246
171,ChristineMock,0.209519,0.473054,0.654861,0.253182,0.431718
172,ChrisTSlattery,0.406279,0.163924,0.379969,0.017044,0.137737
173,chriswong13,0.647302,0.258051,0.495096,0.227331,0.04798
174,chsullivan3,0.402905,0.500058,0.751659,0.219979,0.351089
175,cjanneyfan23,0.339993,0.439165,0.926503,0.40465,0.176384
176,cjhomes,0.45555,0.532694,0.532624,0.202956,0.114695
177,Clintmakesense,0.35198,0.400392,0.704171,0.116535,0.101702
179,cmmarysz,0.495542,0.439146,0.90828,0.345426,0.107468
180,cnhc1,0.180353,0.620019,0.781892,0.3009,0.438523
181,coloradodrew,0.365318,0.295085,0.458891,0.034208,0.120832
182,Colubra,0.50436,0.384178,0.658373,0.067954,0.165728
183,contactjeff,0.434858,0.280683,0.527413,0.128204,0.132726
184,Coolnee_,0.520123,0.669759,0.823629,0.324636,0.355599
185,corndog071,0.502296,0.647437,0.941783,0.41562,0.414934
186,Cortez523,0.248942,0.342251,0.536139,0.092783,0.135796
187,court0443,0.701955,0.264961,0.497137,0.111502,0.103594
188,Courtneywendel,0.477162,0.360962,0.803747,0.165319,0.343423
189,cral,0.490147,0.510695,0.626237,0.06395,0.280795
190,crashly_o,0.319764,0.617419,0.850977,0.208701,0.153406
191,creature_girl08,0.178815,0.478908,0.721085,0.34915,0.632264
192,CreeperCK,0.559138,0.422437,0.558038,0.038587,0.394406
194,Crooked_Flight,0.247039,0.737411,0.466387,0.171896,0.506686
195,crwesthofen,0.44448,0.513145,0.723882,0.130518,0.058832
196,cudee2,0.692774,0.479019,0.548059,0.114619,0.190863
197,Curious_Tel,0.649741,0.454898,0.857463,0.330155,0.057598
198,cyclonecyco,0.372603,0.361802,0.775665,0.22225,0.07841
199,DaGrimOneArtist,0.633556,0.958409,0.986167,0.767606,0.649733
200,DaiEvans2012,0.196912,0.478335,0.669135,0.3705,0.236398
201,DaiSmashie,0.505395,0.369744,0.762937,0.104318,0.108397
202,dakiNGzQUEEN,0.553352,0.774926,0.958266,0.303475,0.544466
203,DaleEarnhardt1,0.201277,0.470021,0.598379,0.312802,0.551836
205,Danielmaude,0.710904,0.492175,0.883789,0.580587,0.209216
206,DanielRSquared,0.256803,0.493275,0.796717,0.27566,0.264244
207,DanielStisen,0.590978,0.366478,0.810218,0.739834,0.206464
209,DaveInYourEar,0.284481,0.470995,0.738036,0.18283,0.064132
210,DaveKrayz,0.424377,0.250927,0.561439,0.075193,0.027882
211,DavenportAaron,0.203954,0.485491,0.682476,0.29997,0.355808
212,DavidRedstone2,0.131174,0.255626,0.709557,0.045504,0.134771
213,davidrydelnik,0.293335,0.514695,0.796142,0.265841,0.511749
214,DavSc72,0.295502,0.767372,0.870329,0.340323,0.692049
215,dawnkeister,0.195683,0.478261,0.613007,0.34729,0.595821
216,dcarr66,0.425102,0.627029,0.881148,0.311463,0.358159
217,dcborn61,0.273048,0.297815,0.623593,0.14505,0.094161
218,dcDesignSuite,0.296027,0.437697,0.724078,0.14591,0.199987
219,dcpathfndr,0.204005,0.466285,0.562596,0.25529,0.460906
220,DDubsCareBear,0.582777,0.470381,0.78918,0.099622,0.412422
221,deadlyclaris,0.294893,0.973481,0.984782,0.743127,0.774144
222,DeamonMj,0.679501,0.446108,0.485137,0.027533,0.481467
223,DearBear25,0.59393,0.497947,0.814863,0.15655,0.415679
224,DebayDeLux,0.096025,0.775581,0.892389,0.430258,0.430307
225,DebbieDC_RTR,0.557611,0.512832,0.933389,0.39875,0.276775
226,Debz_Star2609,0.600315,0.421185,0.611138,0.242271,0.20252
227,DeliaPCrouch,0.543815,0.465191,0.796068,0.292806,0.314411
228,dens,0.22523,0.435963,0.641817,0.171712,0.123098
229,derekallen86,0.551602,0.402671,0.811841,0.170009,0.342252
230,dewaynecook,0.301872,0.528297,0.759715,0.202075,0.427565
231,Dewitski,0.223777,0.424428,0.400803,0.317847,0.07725
232,DiamondKesawn,0.702939,0.877152,0.976139,0.694726,0.4586
233,DidiMo1313,0.358066,0.506695,0.734548,0.31985,0.493729
234,ditto1292,0.185104,0.508141,0.555312,0.285051,0.779792
236,DjDuOne,0.445396,0.503344,0.913736,0.326831,0.14406
237,djeli,0.464031,0.68583,0.935102,0.405378,0.328785
238,djjoeyblayze,0.673806,0.716611,0.967774,0.49002,0.310795
239,DJManiakNYC,0.258675,0.43428,0.720469,0.295243,0.300927
240,DJofSparta,0.686755,0.546013,0.873215,0.212914,0.275308
243,dklinetop,0.207932,0.519945,0.400367,0.136271,0.111774
244,DKubiske,0.110558,0.376134,0.436658,0.019924,0.097762
245,dlfleish,0.367227,0.402111,0.53838,0.08422,0.140852
246,DobbyStyles,0.202291,0.98066,0.959273,0.863595,0.642011
247,DocRichert,0.323679,0.364196,0.788672,0.149051,0.089568
248,DoingRightNow,0.549509,0.361781,0.664075,0.082081,0.225562
249,DomSantoleri,0.482649,0.181047,0.475458,0.101032,0.064723
250,DonJuanDMrcoBLK,0.619344,0.792521,0.944691,0.318365,0.414443
251,donsteele,0.355118,0.27456,0.722863,0.305322,0.058177
252,Doogietha1,0.496967,0.510637,0.924086,0.311304,0.163282
253,Doug1022,0.179666,0.550685,0.757815,0.30577,0.572032
254,doutlaw311,0.707037,0.229846,0.577485,0.134339,0.060988
255,DovesterDove,0.504642,0.58769,0.805904,0.193901,0.16151
256,dragonfire0130,0.276388,0.463349,0.695354,0.260493,0.459141
257,DreilingLaw,0.180287,0.082419,0.585344,0.024457,0.05274
258,DrewKaplan,0.217625,0.54118,0.590948,0.272752,0.168975
259,DrRonThomasJr,0.292047,0.190446,0.212708,0.022878,0.057123
260,DrSallySun,0.194151,0.476225,0.2036,0.183257,0.223349
261,DrSDMobleyJr,0.456192,0.54243,0.668937,0.276988,0.431682
262,drum_lobo,0.200782,0.479304,0.531658,0.210415,0.551874
263,Durkatron,0.490497,0.516685,0.507864,0.301444,0.111123
264,DustyTague,0.034019,0.511298,0.673355,0.069676,0.196385
265,dworakt,0.259783,0.362431,0.289103,0.06168,0.236237
266,dyejo,0.776973,0.308684,0.452968,0.099526,0.213568
267,Dylan_Segelbaum,0.150847,0.041187,0.298836,0.011299,0.050819
268,dzinermom,0.665722,0.641862,0.813103,0.440582,0.363717
269,earlkabong,0.128041,0.144903,0.605629,0.03993,0.085733
270,Ebinh0,0.245986,0.414899,0.53842,0.334849,0.172357
271,eborshch,0.243911,0.473342,0.72342,0.295673,0.477194
272,EddiemMark,0.601351,0.668602,0.893076,0.692871,0.209074
273,EdwinVervaet,0.171936,0.461746,0.412064,0.372054,0.073019
274,eed3si9n,0.152174,0.334898,0.409499,0.092958,0.143938
275,eedoogie,0.677944,0.193915,0.63938,0.290722,0.041558
276,eflatpete,0.110245,0.140287,0.528626,0.02716,0.056822
277,EGonzalez6,0.416826,0.385138,0.778237,0.22773,0.132875
278,ElaineKwon,0.72718,0.590342,0.807109,0.382689,0.534144
279,elatlboy,0.575566,0.625886,0.541566,0.09076,0.251085
281,eliza7654,0.478381,0.512466,0.757733,0.162589,0.219453
283,elliot_wrench,0.467888,0.578656,0.841481,0.31518,0.222151
284,elvia_francis,0.326256,0.549952,0.638638,0.280435,0.316138
285,El_Whitey,0.562261,0.350485,0.451804,0.267701,0.101833
286,emasteindl,0.71519,0.615826,0.694722,0.31848,0.715029
287,EMH1776,0.669702,0.579416,0.771144,0.400322,0.472496
288,emillliiioooooo,0.677053,0.943813,0.995397,0.615805,0.745615
289,emilyewilliams1,0.650531,0.440782,0.77658,0.257079,0.266791
290,emmanix,0.255481,0.422063,0.206754,0.048494,0.17623
291,EmmanuelDaniel,0.360903,0.537921,0.490597,0.353241,0.050553
292,Empressjurnee,0.490446,0.548991,0.752178,0.216232,0.44698
293,EMSeman,0.339946,0.216377,0.509227,0.083588,0.329188
294,EmXtra,0.255236,0.646207,0.921339,0.259223,0.289863
295,Epians,0.333713,0.514752,0.789854,0.17941,0.33878
296,epickstyle,0.426693,0.79329,0.706274,0.161911,0.307717
297,ericcgarcia,0.16763,0.462764,0.621251,0.065578,0.318173
298,EricFarrStyle,0.525954,0.84481,0.916108,0.757973,0.409741
299,EricKun2,0.278077,0.426716,0.797296,0.151135,0.247519
300,erikavarner,0.368598,0.516192,0.754844,0.547121,0.655485
301,erin412,0.399434,0.533685,0.822682,0.129257,0.322931
302,Erinshirley,0.297512,0.741706,0.843481,0.358036,0.550843
303,ernmander,0.325325,0.270131,0.477127,0.131162,0.130179
304,erupert66,0.36349,0.525015,0.66057,0.093454,0.119337
305,erythrose,0.261148,0.874822,0.817887,0.182686,0.374435
306,essteesea,0.297027,0.555564,0.568439,0.087089,0.161175
307,Ess_See_NYC,0.570622,0.884021,0.946741,0.599447,0.541377
308,EstebanDaHost,0.287239,0.469802,0.727226,0.22152,0.347054
309,eton_rifles,0.209593,0.505974,0.757358,0.36334,0.510796
310,evanderkleijn,0.490768,0.39607,0.432179,0.159116,0.23821
311,EvieBigToe,0.551935,0.570002,0.843511,0.409548,0.378088
312,eznz,0.255518,0.465254,0.667323,0.261964,0.398724
313,FACTSHACK,0.283624,0.466521,0.844772,0.104694,0.215131
314,FamousJerry,0.439616,0.571958,0.851414,0.12018,0.320047
316,FanDaft,0.291111,0.482549,0.796847,0.352904,0.348471
317,Fantastic_Dani,0.512926,0.57114,0.811731,0.335828,0.404038
318,farehamwine,0.374703,0.221095,0.16412,0.325656,0.023084
319,farmerhumble,0.671504,0.194077,0.206358,0.013414,0.219695
320,fashiongurukc,0.836566,0.701829,0.702908,0.200667,0.594651
321,fashionortheast,0.352187,0.653364,0.267397,0.330926,0.29646
322,FastKatt,0.17819,0.515345,0.727061,0.287807,0.320211
323,featherbear15,0.332765,0.609079,0.897482,0.248485,0.492027
324,femmebiotch,0.13787,0.367141,0.497321,0.052237,0.115902
325,ffc2004,0.382628,0.4941,0.880501,0.362339,0.066937
326,fickledino,0.512708,0.229941,0.627118,0.088793,0.100527
327,FierceDB,0.616028,0.907122,0.940428,0.685064,0.540984
328,findac,0.266988,0.663981,0.56809,0.156687,0.174598
329,FineDiningcook,0.496239,0.522204,0.378847,0.18257,0.132128
330,fitfatmd,0.557826,0.367243,0.43251,0.038212,0.204005
331,FlameGoddessLee,0.39205,0.206622,0.559069,0.059626,0.102379
332,Florence0576,0.448386,0.333713,0.820807,0.246277,0.466292
333,FloydHillman,0.558791,0.372683,0.790804,0.249149,0.082141
334,flukebanstead,0.73024,0.211218,0.447176,0.420737,0.058414
335,FL_conkeeper,0.445083,0.476881,0.606084,0.177597,0.295008
340,FreakyKIOTL,0.71106,0.985078,0.998981,0.790094,0.813082
341,FRPGrating,0.211354,0.457121,0.59726,0.10357,0.114289
342,FSugino,0.194276,0.49453,0.536855,0.426495,0.072694
343,fuelthefiretv,0.645281,0.530055,0.606558,0.312713,0.218676
344,FullyChiefy,0.800888,0.826936,0.848237,0.707027,0.616335
346,funkymonkeyme,0.282709,0.47239,0.340944,0.228524,0.152279
347,gabehwkns,0.241004,0.314177,0.639257,0.282788,0.087769
348,gailie,0.434081,0.793217,0.910189,0.68265,0.364014
349,Game_Lord,0.491884,0.569733,0.903097,0.513593,0.307318
350,GarethTibbles,0.208636,0.175606,0.258626,0.032464,0.065411
351,Gary4Freedom,0.350684,0.629255,0.671097,0.129278,0.497535
352,gazalar,0.623782,0.682539,0.613556,0.347898,0.322056
353,gazkey,0.831164,0.146822,0.544178,0.166001,0.030722
355,geraldinesnape,0.364577,0.559711,0.290325,0.054423,0.309967
356,GeriatricAlive,0.105059,0.266832,0.631526,0.035169,0.124318
357,GIJOE6732,0.634571,0.458408,0.7974,0.060525,0.327467
358,gilleeflower,0.164701,0.933337,0.600683,0.1495,0.344937
359,Ginnjuice40,0.182321,0.462935,0.549324,0.361025,0.233049
360,GiovanniNYC,0.34802,0.437523,0.734969,0.22529,0.236478
361,girlarcher1,0.722972,0.538197,0.553536,0.148613,0.344004
362,glamourkitten,0.238333,0.431668,0.677944,0.211453,0.298445
363,glamourlife,0.755369,0.060013,0.579151,0.083856,0.035123
364,glenn_a_allen,0.196311,0.460664,0.508587,0.090177,0.160645
365,glmh101,0.563858,0.313297,0.754313,0.345892,0.073207
367,golfpro1978,0.468183,0.455381,0.732984,0.391388,0.06222
368,Goodyear29,0.268407,0.232415,0.761491,0.176259,0.094637
369,grayeyesdontlie,0.702086,0.482034,0.933617,0.592476,0.147462
370,GreshamDC,0.261429,0.27496,0.637586,0.049121,0.131606
371,grlagemech,0.781796,0.392373,0.657479,0.044257,0.342536
372,gsiougas,0.574205,0.08952,0.488956,0.120639,0.113604
373,guidedogmaster,0.365913,0.350717,0.582619,0.060439,0.177548
374,guiniga,0.192425,0.191856,0.499891,0.025081,0.063001
375,gunslingerkeren,0.60836,0.246466,0.655476,0.10143,0.169031
376,guttau,0.438495,0.401932,0.526602,0.067131,0.102402
377,guynraleigh,0.506966,0.375109,0.867994,0.434285,0.193576
378,GypsumFantastic,0.018191,0.592151,0.772153,0.291735,0.183179
379,halbeardharris,0.521429,0.455666,0.546181,0.175705,0.052263
381,Hammylink,0.463322,0.638088,0.820193,0.131853,0.376501
382,hamsofbone,0.282679,0.724678,0.93069,0.189773,0.515524
383,HansFleuriot,0.711235,0.941317,0.958021,0.659057,0.66676
384,HarrisonOniel,0.357307,0.361957,0.766825,0.093873,0.108532
385,hartgoldcrochet,0.822903,0.348131,0.467943,0.113281,0.555572
386,HattyKeane,0.822759,0.84004,0.94194,0.769926,0.617699
387,Hatwell88,0.453413,0.488871,0.81089,0.241021,0.060353
388,Hazel_W,0.381857,0.558845,0.831233,0.312931,0.346683
389,heidimiller,0.400156,0.155359,0.351918,0.072605,0.150655
390,HeidiNakanishi,0.405701,0.092205,0.570214,0.043035,0.110448
391,Helen1lucas,0.734759,0.592284,0.890735,0.366902,0.10925
392,helenenvy,0.55783,0.356405,0.453018,0.370455,0.124803
393,helenharradine,0.180312,0.634742,0.410973,0.362344,0.285456
394,HelenSnook,0.517996,0.640377,0.712719,0.360336,0.370727
396,hermansim,0.267618,0.508454,0.795543,0.368166,0.3211
397,heyCorinne,0.370357,0.543266,0.755192,0.213768,0.297734
398,heyjulieann,0.156864,0.703604,0.932251,0.34877,0.274936
399,heyshanny,0.430158,0.361145,0.637235,0.065765,0.237009
400,hillard23,0.614629,0.573923,0.743844,0.201552,0.192951
401,hillmandan,0.784489,0.165443,0.415134,0.350489,0.024616
402,HippieHooper,0.235242,0.442166,0.57469,0.291535,0.206498
403,hlmccoy,0.05897,0.439301,0.675934,0.185269,0.221774
404,HMMorrow,0.488848,0.601268,0.873471,0.381504,0.361407
405,hodi_huston,0.721128,0.433783,0.553559,0.054561,0.300677
406,HollieDuffin,0.664724,0.492412,0.912734,0.254289,0.416061
407,HondaYoda,0.435728,0.33293,0.642354,0.172077,0.192114
408,honeypie32,0.589732,0.188821,0.623711,0.052051,0.392816
409,HOPPERBOLIC,0.252519,0.371414,0.569374,0.150902,0.059542
410,Hotfoot535,0.649486,0.641019,0.946183,0.408916,0.607479
411,houchinc,0.529944,0.585589,0.80582,0.217163,0.608362
412,houseofbullock,0.420615,0.30996,0.657921,0.114229,0.143411
413,houseofkurt,0.588545,0.80928,0.951643,0.541768,0.392594
414,Howard_Lim1105,0.19266,0.470054,0.587259,0.37918,0.345618
415,Howes1981,0.574297,0.281932,0.658581,0.193192,0.202087
416,hugo84,0.261721,0.420772,0.659039,0.121105,0.135031
417,huntingforjoy,0.484178,0.416299,0.826877,0.233164,0.346889
418,Hypershift,0.292574,0.622377,0.880071,0.605606,0.329551
419,iamAC3,0.51288,0.462205,0.799798,0.246852,0.238918
420,iambeardedbob,0.188203,0.836133,0.517606,0.153125,0.127826
421,iamcrato,0.72176,0.228667,0.200535,0.104814,0.137172
422,iamdavidchan,0.409958,0.503494,0.790496,0.225711,0.184969
423,IamDraven,0.277131,0.447376,0.637299,0.253739,0.494635
424,IamKrysPhan,0.378679,0.837035,0.867431,0.32494,0.320945
425,iamrichrose,0.492804,0.587916,0.846055,0.373175,0.232039
426,IAmSlyKing,0.330769,0.511507,0.814044,0.269379,0.202842
427,iamtricey,0.473061,0.605163,0.851944,0.179014,0.527999
428,IAmValerieRenee,0.754843,0.34929,0.605156,0.165586,0.23278
429,IanChapman6,0.10519,0.278412,0.16733,0.037156,0.023601
430,ianmaullin,0.506788,0.354733,0.650931,0.141774,0.150198
431,ibbourne,0.381134,0.302307,0.699596,0.227159,0.103015
433,idamayyy,0.788634,0.738982,0.890897,0.576521,0.430205
435,ig69,0.372205,0.510582,0.63509,0.138898,0.199384
436,ilike420and69,0.616673,0.256962,0.42374,0.063513,0.139266
437,ilovelenyS13,0.768874,0.822716,0.925808,0.483096,0.687028
438,ImJusTalkinHere,0.424534,0.128004,0.476167,0.020322,0.071799
439,imwestm,0.354708,0.341127,0.750557,0.113151,0.158472
440,indianapolis420,0.187642,0.443861,0.596684,0.106045,0.173664
441,INDrob83,0.049292,0.793111,0.918741,0.457311,0.347159
442,IngrdGlns,0.186271,0.505585,0.616863,0.332103,0.214699
443,irishays,0.542445,0.331264,0.63139,0.032248,0.190899
444,IrishEagle,0.057541,0.426731,0.393255,0.038798,0.084885
445,itskatyaazarcon,0.531222,0.394861,0.649204,0.358966,0.450005
446,itsmejimok,0.242178,0.419313,0.636053,0.18204,0.187931
451,ixDiego,0.325321,0.726779,0.786632,0.292267,0.2598
452,JackDamayn,0.183362,0.503353,0.732947,0.390912,0.408632
453,Jackdc13,0.612343,0.622805,0.967054,0.557542,0.185228
454,jackiedeburca,0.110981,0.890389,0.212453,0.030389,0.40614
455,Jackiejigsaw,0.461845,0.308267,0.671433,0.047268,0.181521
456,Jadesreflection,0.573243,0.343943,0.657212,0.085042,0.117506
457,JadoreKarma,0.68272,0.997803,0.972222,0.903841,0.841639
458,JahnaSebastian,0.503416,0.624919,0.654508,0.618731,0.458075
459,jaja_joanna,0.685087,0.628104,0.858034,0.315672,0.415884
460,jamessavino,0.584947,0.705373,0.785266,0.428273,0.462953
461,JameyHowelll,0.274204,0.526552,0.8513,0.436442,0.148676
462,JamieLeeBourq,0.189829,0.489325,0.744045,0.344513,0.28965
463,jamiescottsmith,0.370497,0.196348,0.671258,0.060738,0.13219
464,JamieStocks,0.31144,0.601192,0.895335,0.34051,0.272813
465,janakaystl,0.446317,0.38276,0.79978,0.196288,0.159914
466,JaronGlasgow,0.281818,0.504699,0.653071,0.09512,0.165429
467,JarrettNolan,0.222632,0.445374,0.763109,0.217672,0.135522
468,JasonRyanPhoto,0.311966,0.706101,0.462217,0.119282,0.347827
469,jasonwh,0.448611,0.413485,0.691636,0.102122,0.158577
470,jasperdett,0.454445,0.558943,0.716725,0.420639,0.449673
471,jatchua,0.061546,0.719193,0.529184,0.085205,0.189359
472,JayCardiello,0.610172,0.826021,0.752061,0.319164,0.684966
473,JayDiggy,0.571228,0.106104,0.597044,0.147966,0.049928
474,Jaylimusic,0.518672,0.865324,0.940327,0.703615,0.461597
475,JaylixPorter,0.335988,0.558964,0.880873,0.431784,0.484209
476,jaymed53,0.775218,0.544363,0.845188,0.404696,0.266902
477,jayneangel,0.701727,0.681133,0.802856,0.326283,0.246795
478,jay_costello,0.535077,0.367729,0.828698,0.333498,0.030375
479,JazzyTBarry,0.250574,0.394551,0.536507,0.146116,0.085725
480,jbest8907,0.224647,0.224908,0.562644,0.040106,0.113547
482,jcswanston,0.377713,0.541025,0.458582,0.269208,0.059712
483,jdbesty,0.382942,0.584334,0.338823,0.126733,0.232191
484,jdmartin95,0.164278,0.493985,0.641024,0.351068,0.411512
485,JDOTB81,0.527024,0.891457,0.890296,0.611967,0.398177
486,JD_Strachan,0.439098,0.386221,0.599352,0.114845,0.160288
487,jeaninepalinkas,0.29558,0.404072,0.628031,0.208471,0.523969
489,jedimole,0.438711,0.455041,0.830318,0.159286,0.153441
490,JeffreyTFerg,0.04629,0.60647,0.848395,0.361425,0.218233
491,jendotcohen,0.181643,0.458338,0.702116,0.155143,0.174968
492,jenisanderson,0.281977,0.532944,0.556387,0.135014,0.263043
493,jennbutterworth,0.363506,0.51981,0.76715,0.312152,0.221185
494,jennijelsing,0.345743,0.674986,0.751006,0.118435,0.384255
495,JenniSpin,0.271408,0.375184,0.77273,0.122892,0.113962
496,Jennivapes,0.586511,0.422061,0.566258,0.345713,0.31622
497,JenNorcross,0.413426,0.090577,0.458466,0.046646,0.028168
498,JenRh14,0.511019,0.365195,0.731837,0.254819,0.044735
499,jenvargas,0.481105,0.35554,0.572488,0.100721,0.234115
500,JeremyFairley,0.460018,0.316085,0.694936,0.150486,0.066521
501,jeremy_li,0.317105,0.375276,0.80285,0.235187,0.042227
502,jeromez,0.528062,0.795015,0.893304,0.320845,0.575161
503,JerryKatz,0.473808,0.221642,0.584756,0.173636,0.074049
504,jerseybob64,0.236822,0.392,0.448746,0.13271,0.200722
505,JessHaberman,0.458471,0.290678,0.730962,0.176855,0.104454
506,JessicaSJames,0.684252,0.417687,0.506039,0.079946,0.211094
507,JessMaryBriggs,0.363899,0.727035,0.940461,0.434509,0.61795
508,jetfan247,0.105422,0.538388,0.587862,0.134848,0.106806
509,JexShinigami,0.470295,0.471092,0.648333,0.165448,0.262073
510,Jezz_M,0.62218,0.420096,0.626472,0.229177,0.103609
511,jimbonesmorris,0.220977,0.397464,0.315734,0.112934,0.166791
512,jimh1014,0.21562,0.399603,0.658328,0.140562,0.03962
513,JimHinze,0.800798,0.120584,0.319369,0.153172,0.045633
514,jimineuropa,0.085099,0.359485,0.515829,0.128716,0.061079
515,jimivins,0.126638,0.648968,0.851655,0.288166,0.291869
516,JJHokie,0.457358,0.558981,0.761051,0.175908,0.242825
517,jjwarren97,0.692798,0.658979,0.758989,0.211492,0.319067
518,JJ_WALL,0.276535,0.445689,0.678522,0.296227,0.333113
519,Jkay91,0.396155,0.371037,0.83444,0.222255,0.068705
520,JKSturtevant,0.577406,0.357328,0.689527,0.088365,0.131529
521,jlesko,0.578344,0.300728,0.862044,0.285875,0.190927
522,JM1L1T4NT,0.549537,0.448273,0.884247,0.376135,0.15683
523,JMBPSU,0.314597,0.495689,0.737049,0.122626,0.277343
524,jmpakele,0.315898,0.394707,0.737771,0.086121,0.175958
525,jmpedrosa82,0.235446,0.631764,0.889664,0.347384,0.405011
526,jmussuto,0.272108,0.191462,0.581389,0.068309,0.103626
527,JoeGramc,0.041582,0.334033,0.564209,0.052494,0.073417
528,JoeSWashington,0.664015,0.504756,0.687516,0.106508,0.34108
529,JOEYNUMB69,0.241554,0.530341,0.797516,0.208959,0.349871
530,Joeythegirl,0.525901,0.49666,0.575332,0.077667,0.342275
531,joeyzsazsa105,0.735538,0.922082,0.990798,0.631904,0.535008
532,johncoxonmedia,0.031417,0.231412,0.327493,0.019108,0.067079
533,JohnFischesser,0.247902,0.090504,0.725453,0.248405,0.015406
534,JohnnyCRSr,0.169411,0.615311,0.824948,0.299116,0.506626
535,johnnystorm,0.163636,0.425821,0.51079,0.065187,0.080741
536,johnpeavoy,0.245275,0.266868,0.470773,0.060836,0.048777
537,JohnPerivolaris,0.222283,0.386235,0.285368,0.07687,0.112005
538,johnpneedham,0.328512,0.330924,0.623249,0.078652,0.08107
539,johnwoodymoore,0.218834,0.456353,0.550182,0.286727,0.436593
540,jojo2gorgeous,0.254765,0.452663,0.688453,0.291672,0.325928
541,JonasRask,0.592295,0.506677,0.594695,0.302304,0.33689
543,JordanCRussell,0.296363,0.545266,0.931009,0.282147,0.383324
544,jordihoeksema,0.172134,0.463776,0.427271,0.374456,0.087439
545,josecitopepito,0.421407,0.406349,0.714596,0.256348,0.128989
546,joshlwilliams93,0.02774,0.636095,0.925884,0.482446,0.176129
547,JoshuaAGarrison,0.491835,0.794,0.781802,0.240201,0.493047
548,joshuaesc,0.678379,0.418033,0.527669,0.073179,0.301557
549,jppritchard,0.259213,0.458318,0.710191,0.233997,0.158713
550,jr0065,0.332041,0.463072,0.78102,0.261497,0.311137
551,JREGILIO,0.347134,0.473958,0.839781,0.327312,0.098532
552,jrodgap,0.234164,0.472287,0.722315,0.328125,0.279382
553,jrowland11,0.319186,0.532719,0.519937,0.055402,0.280767
554,jrpatrick,0.622077,0.591224,0.877887,0.256921,0.271288
555,jsmooth07,0.566757,0.327121,0.819027,0.294135,0.252994
556,JSVince,0.37882,0.720226,0.921701,0.444393,0.264234
557,JudBurnette,0.163116,0.491398,0.658538,0.26827,0.360533
559,jukes112,0.222774,0.451338,0.551434,0.324104,0.307441
560,jules_annan,0.44072,0.417635,0.716832,0.417911,0.078529
561,JuliaCPeculiar,0.647699,0.16925,0.485963,0.021175,0.133462
562,julie3667,0.424781,0.692812,0.728208,0.358622,0.317217
564,JulietMakeup,0.61601,0.348056,0.476339,0.535903,0.252944
565,JUMPINSOUNDS,0.604823,0.840708,0.962759,0.813808,0.514521
566,JuniorMattox,0.344982,0.392467,0.64522,0.180738,0.335359
567,justdawn_,0.188713,0.12313,0.410805,0.014797,0.242123
568,JustG003,0.606107,0.636185,0.866949,0.278681,0.329066
569,Just____GB,0.572311,0.770917,0.951249,0.32054,0.374589
570,jwprentice13,0.508739,0.540334,0.530628,0.061273,0.217943
571,k9carryall,0.810819,0.548798,0.632759,0.149843,0.397845
572,kae_b33,0.598591,0.417301,0.652776,0.247749,0.333799
573,Kalpeesh,0.529121,0.762123,0.836285,0.771473,0.131975
574,KamronMeyers,0.48983,0.732262,0.944328,0.505792,0.384009
575,KareemTabbaa,0.462798,0.377769,0.105308,0.132245,0.861443
576,karenwilsonart,0.40454,0.287168,0.152464,0.075239,0.149364
577,KaseyCrabtree,0.690742,0.481424,0.793217,0.277138,0.376685
578,katek4307,0.557964,0.904422,0.959476,0.46596,0.57697
579,kathrynrees,0.191134,0.58122,0.573067,0.131331,0.143307
580,Katluck125,0.424638,0.410248,0.711279,0.191202,0.271505
581,kayles_jay7,0.528659,0.807187,0.945253,0.471059,0.529404
582,KCity65,0.22307,0.463904,0.796381,0.126597,0.176505
583,KCLeomo,0.507486,0.586861,0.649822,0.146655,0.158291
584,keithlpt,0.670744,0.61144,0.703064,0.427076,0.351946
585,KelleyMarieCB,0.442381,0.421077,0.334938,0.213617,0.269228
586,kellyleighKC,0.49951,0.458115,0.737112,0.065002,0.196499
587,KevanGP,0.205563,0.407288,0.746178,0.064765,0.209335
588,kevinmdavis2010,0.608718,0.202542,0.608585,0.135725,0.097753
589,kevinxtensen79,0.644533,0.138809,0.671136,0.075152,0.041945
590,Kevin_Belcher,0.2425,0.081312,0.547746,0.056342,0.03924
592,kevt,0.454488,0.470542,0.736894,0.321236,0.076508
593,kfbok,0.075554,0.40313,0.199391,0.049543,0.051804
594,kidcupid,0.257071,0.603992,0.631211,0.113132,0.385428
595,kierduros,0.273071,0.495439,0.721806,0.371252,0.523528
596,KikiB_93,0.366324,0.422058,0.731564,0.228616,0.19417
597,kikucollins,0.582362,0.755854,0.84153,0.25312,0.588451
598,kimmeh83,0.478591,0.537149,0.864731,0.314493,0.244139
599,KingCesaa,0.34676,0.767634,0.95013,0.429872,0.444357
600,KiraNasrat,0.715821,0.769604,0.87991,0.615107,0.468941
601,kirkmeister,0.620832,0.420053,0.660156,0.239101,0.075364
602,KirkwoodNew,0.129102,0.663658,0.85001,0.319515,0.308545
603,kirstylawmusic,0.391263,0.663729,0.680235,0.376918,0.346829
604,KirstyyyM09,0.512702,0.775343,0.970923,0.536402,0.37059
605,kissmykitty,0.51917,0.303391,0.617317,0.082559,0.662704
607,KiteVisionary,0.423098,0.965463,0.936191,0.639206,0.688687
608,kitkat112789,0.472479,0.700127,0.834388,0.357858,0.529412
609,kkbelval,0.540111,0.549489,0.894301,0.340239,0.360953
610,klasinski,0.507558,0.429935,0.768881,0.104456,0.241033
611,KMJerrod,0.772829,0.883802,0.985624,0.495704,0.51259
612,KMLBbearscubfan,0.717028,0.061055,0.544218,0.147983,0.077357
613,Knitswithbeer,0.227226,0.417936,0.627362,0.088646,0.128216
614,krichardsonwi,0.285169,0.428564,0.592003,0.230257,0.429002
615,KrisanthWorld,0.498862,0.929887,0.946593,0.695698,0.428102
616,kristanreed,0.064417,0.485998,0.659647,0.181467,0.129002
617,KristenBrasher,0.462334,0.919473,0.954343,0.500247,0.651338
618,kristykinney,0.185801,0.158205,0.527518,0.038872,0.088574
619,ksa_f6,0.1694,0.465397,0.421853,0.377686,0.54688
620,kslguard,0.539787,0.210655,0.294628,0.04451,0.19827
621,ktbautista1,0.100063,0.559935,0.746246,0.078686,0.182067
622,ky1e_tay1or,0.190621,0.555015,0.724468,0.185467,0.351477
623,kyle_megababe,0.303121,0.832293,0.950733,0.66543,0.167758
624,KylieHolmes,0.691049,0.37029,0.482963,0.048295,0.45276
625,ladyoriental82,0.374681,0.544168,0.84238,0.241934,0.614009
626,LaorenZa,0.315116,0.445273,0.696758,0.270209,0.274669
627,LaSarine,0.305131,0.464337,0.584662,0.077708,0.097838
628,laurabeeson_,0.505442,0.662672,0.90598,0.523575,0.358254
629,LauraGalindoMut,0.368812,0.408011,0.663228,0.237678,0.083359
630,LauraLovingLife,0.504847,0.893501,0.86025,0.513194,0.609275
631,lbmonsters,0.731281,0.289016,0.540789,0.203017,0.377399
632,LC_ninetytwo,0.695634,0.743688,0.936825,0.735614,0.436917
633,ld122,0.119447,0.461511,0.40889,0.062019,0.14433
634,ldreiling,0.280567,0.103075,0.337556,0.031398,0.047745
635,LeahHather,0.37213,0.362694,0.745355,0.35197,0.342663
636,leahlovesays,0.371357,0.55675,0.649195,0.095888,0.327727
637,LeaLebt,0.166431,0.477064,0.646072,0.374512,0.54207
638,leeahmaria,0.686505,0.51326,0.798874,0.156565,0.402813
639,leedquinn,0.219923,0.769301,0.753032,0.335159,0.206006
640,LeeLee1958,0.477002,0.551184,0.866133,0.151876,0.116967
641,leighsimpson40,0.236441,0.493408,0.660549,0.241844,0.37376
642,lenny_,0.690798,0.386824,0.477417,0.06805,0.400887
643,LeslieAnneBrill,0.383199,0.472638,0.644267,0.073065,0.229575
644,letchman,0.437613,0.536946,0.898425,0.353242,0.310073
645,letsgomurphys,0.47454,0.546305,0.939985,0.356442,0.628654
646,letti093,0.684861,0.669519,0.849223,0.493074,0.305505
647,LezaGator,0.783759,0.745738,0.785013,0.584174,0.358534
648,lfalck,0.411117,0.643557,0.833454,0.207356,0.593006
649,liannewiles,0.718951,0.508791,0.917759,0.577747,0.177189
650,LibrarianMandyH,0.245851,0.586337,0.893965,0.29346,0.346398
651,lidialouise,0.41585,0.326735,0.426299,0.074597,0.348187
652,lifeneedsart,0.508294,0.403554,0.128401,0.017435,0.441338
653,Likkle_Koolie,0.685796,0.948578,0.989643,0.453656,0.532848
654,LilDebsKC,0.2539,0.532074,0.599467,0.133288,0.25784
655,lincolnwrites,0.291434,0.360629,0.79055,0.118561,0.203419
656,lindelof,0.237707,0.493486,0.649876,0.067202,0.134358
657,LionelHutz590,0.527101,0.303906,0.863407,0.236778,0.08118
658,lisalm66,0.676839,0.382424,0.692185,0.067699,0.447683
659,LisaPeo,0.678038,0.699905,0.774626,0.535539,0.307499
660,liveMariana,0.349513,0.38096,0.654425,0.275375,0.055322
661,lizardofAussie,0.25948,0.755461,0.888962,0.284639,0.413313
662,LizHannah25,0.23017,0.528039,0.681713,0.260366,0.384453
663,LJMIII,0.376417,0.433556,0.776019,0.23297,0.263021
664,lmt77,0.304443,0.307823,0.190998,0.050385,0.162766
665,LMWoellert,0.438126,0.436319,0.787092,0.17004,0.346657
666,Locomountaineer,0.349429,0.434563,0.505838,0.037387,0.173971
667,LoisRebeccaHolt,0.499002,0.674968,0.612162,0.420913,0.503357
668,long_mp,0.546708,0.215208,0.621139,0.141485,0.033695
669,lookfabfeelfab,0.458696,0.415256,0.378805,0.184066,0.399305
670,LoolabellePC,0.566825,0.577721,0.722059,0.346891,0.255854
671,looseink,0.352047,0.207612,0.099735,0.124074,0.114964
672,lostboy2,0.378359,0.427928,0.736021,0.269885,0.062324
673,lottie_lately,0.722419,0.51611,0.679102,0.35305,0.417523
674,Louie_Kapoohy,0.225436,0.443492,0.661789,0.261384,0.127054
675,LouLou699,0.688199,0.14965,0.554344,0.106743,0.281397
676,LouPas,0.112099,0.371185,0.453475,0.143764,0.081493
677,LowerThanRy,0.221902,0.583797,0.915421,0.412394,0.140475
678,lozlo_max,0.581755,0.613275,0.512372,0.297316,0.262103
679,lttleprincess_,0.601203,0.949299,0.975306,0.748603,0.713454
680,lucassekula,0.115006,0.546786,0.406359,0.09728,0.167542
681,LukasSetto,0.516537,0.951491,0.960512,0.532702,0.685698
682,lunatic_lgood,0.209517,0.479154,0.752294,0.311389,0.239634
683,lylianferreira,0.538871,0.500642,0.828989,0.36031,0.404022
684,MacGirlie,0.108739,0.43853,0.778603,0.107291,0.295951
685,MADAMEMISKA,0.416518,0.710447,0.941567,0.823664,0.273935
686,Madisons_Avenue,0.406921,0.673261,0.89333,0.443193,0.215795
687,MagsKoco,0.786468,0.763655,0.783651,0.687381,0.359022
688,maine_says,0.524694,0.606028,0.860393,0.211257,0.489076
689,MakeOverEssex,0.46764,0.587441,0.710243,0.403555,0.195048
690,maltydog,0.191665,0.446074,0.562182,0.313282,0.313608
691,mandamoo8,0.656484,0.344633,0.768446,0.25054,0.190869
692,mandycorriea,0.422625,0.114594,0.162288,0.032085,0.027975
693,MandySayz,0.685466,0.255854,0.877525,0.287852,0.260556
694,ManhattanTwist,0.570672,0.412764,0.69032,0.191486,0.210084
695,mann_at_arms,0.452266,0.440286,0.932753,0.616083,0.342999
696,MarcLungley,0.547928,0.767316,0.909896,0.434494,0.31647
697,mariangelicaz18,0.625931,0.454796,0.769786,0.259055,0.380391
698,MarkB63,0.185067,0.453725,0.494162,0.265821,0.282394
699,MarkBuckland73,0.199259,0.456869,0.608429,0.289329,0.029257
700,MarkCF83THFC,0.207835,0.212598,0.604903,0.125423,0.01278
701,MarkDC,0.36503,0.459128,0.822923,0.188298,0.128816
702,markstanborough,0.63137,0.31204,0.608277,0.228503,0.054092
703,MarkSun1962,0.316159,0.438091,0.719845,0.25977,0.493087
704,markulmer,0.39833,0.434625,0.78244,0.192099,0.148027
705,MarkyMac,0.272686,0.443655,0.672695,0.260251,0.250094
706,martinelstonejr,0.311476,0.41865,0.858507,0.389079,0.175982
707,Marvelous1908,0.489056,0.517783,0.8475,0.212285,0.365918
708,MaryKathleen144,0.26623,0.54192,0.884174,0.344429,0.159782
709,marywilesmakeup,0.664915,0.684736,0.776993,0.66718,0.270718
710,MathiasJones_,0.784773,0.84366,0.986135,0.559126,0.402258
713,MattBInYYC,0.193079,0.78784,0.943294,0.576098,0.183663
714,matthewgibbs90,0.572447,0.746659,0.770845,0.762545,0.287372
715,MattieLegend,0.210035,0.448513,0.736812,0.293045,0.198084
716,MattKensethis1,0.191953,0.468382,0.688767,0.265253,0.562803
717,mattlrobinson,0.391456,0.394006,0.88727,0.289168,0.212196
718,MattSoleyn,0.198155,0.338624,0.821022,0.469357,0.03672
719,mattyJtyler,0.256259,0.714913,0.942356,0.567159,0.157637
720,MattySexton,0.41919,0.534768,0.897348,0.290755,0.267139
721,matt_t_lowe,0.364959,0.413414,0.551381,0.169871,0.079995
722,maureenmckenzie,0.53549,0.345386,0.563723,0.125449,0.226666
724,mbenniboy,0.76026,0.438541,0.782342,0.337396,0.029916
725,MBLeib,0.385496,0.326479,0.578956,0.112714,0.181648
726,mbmccarty,0.452492,0.332129,0.770971,0.146705,0.261914
727,mbrutus7,0.417247,0.169889,0.683474,0.089766,0.078085
728,mbualat,0.731976,0.464851,0.654794,0.089632,0.270399
729,MCOJFKflyguy,0.498441,0.530068,0.822608,0.374685,0.265566
730,MDparrothead,0.385242,0.560836,0.758939,0.127505,0.277801
731,mdstratts,0.075837,0.387324,0.753444,0.086175,0.182946
732,mdvana,0.230366,0.433415,0.792451,0.141423,0.245719
733,MeggyMoo2013,0.624376,0.323335,0.756206,0.291965,0.106988
734,menlovesprada,0.338194,0.500445,0.755148,0.370433,0.335427
735,MessInDressBlog,0.255023,0.598652,0.798374,0.252943,0.423389
736,MGDLAW,0.289396,0.146467,0.432852,0.097235,0.013011
738,MicheMoffatt,0.54239,0.702224,0.772833,0.426147,0.429687
739,michgal_uk,0.261741,0.479002,0.735458,0.182791,0.054565
740,MichiHIGHLIGHTS,0.722662,0.876077,0.936119,0.419921,0.648694
741,MicVicVal,0.201121,0.495705,0.587016,0.236853,0.359893
742,Miggymack,0.308164,0.502719,0.894713,0.264172,0.166731
743,MikeGracie,0.461727,0.443616,0.785504,0.246736,0.167259
746,mikemavs,0.105836,0.493076,0.154238,0.18969,0.082568
747,MikeRDM,0.624454,0.556306,0.645781,0.423029,0.068848
748,Mike_Charles,0.190968,0.289556,0.412914,0.060624,0.052275
749,MikiniWilliams,0.373562,0.535037,0.826547,0.119072,0.204997
750,Miles78203,0.480988,0.186542,0.401643,0.042267,0.067704
751,milksodapop,0.638708,0.387097,0.859587,0.289802,0.243509
752,MiniMouse215,0.494094,0.969868,0.970472,0.796923,0.763005
753,minusX,0.392662,0.426251,0.79287,0.16815,0.269336
754,mipolitico,0.073209,0.279375,0.691351,0.217273,0.141272
755,missbrown24,0.391604,0.624742,0.903694,0.264866,0.473551
756,Misshilly,0.275199,0.413497,0.588395,0.033928,0.118091
757,missimmerica,0.25702,0.676668,0.865737,0.207728,0.309998
758,missladyjanedoe,0.446412,0.667673,0.929263,0.429621,0.667734
759,miszrina,0.684174,0.845818,0.982355,0.50142,0.623465
760,MizzTV,0.153913,0.472453,0.495235,0.081301,0.356905
761,mjg73,0.180926,0.305899,0.576958,0.088251,0.062193
762,mjpaulpsu91,0.225122,0.498237,0.646732,0.327798,0.647498
763,MKChiWriting,0.054054,0.187575,0.683545,0.078249,0.069876
764,MKraj75,0.191741,0.457275,0.591674,0.364224,0.242484
765,mkrivich,0.428176,0.182216,0.351363,0.071214,0.121122
766,mlcpnc1380,0.381575,0.392897,0.529481,0.084456,0.503965
767,mmonroe2nd,0.244833,0.487533,0.744391,0.217105,0.284242
768,mo2rock,0.307364,0.507504,0.791427,0.23346,0.439247
769,modernmaker,0.448871,0.715255,0.55025,0.260814,0.245653
770,Mojo1130,0.880491,0.922044,0.982129,0.223053,0.921949
771,MollyAhmed,0.408884,0.521508,0.556128,0.314181,0.150798
772,moosc,0.173064,0.442824,0.51428,0.230412,0.177624
773,MOrlandoevents,0.206467,0.762189,0.798707,0.227941,0.275367
774,movenicely,0.326027,0.410422,0.850638,0.300052,0.061708
775,moyrascott,0.155536,0.906096,0.454103,0.126329,0.608185
776,Mpurdy78,0.704318,0.216194,0.832394,0.188315,0.099468
778,MrsKarenNoble,0.454776,0.575939,0.639811,0.137909,0.361581
779,MrsMixtress,0.152086,0.551345,0.893464,0.20013,0.414988
780,MrTonyDowling,0.425888,0.226643,0.334167,0.053856,0.120301
781,Mrtvrdik,0.191502,0.467956,0.586829,0.288775,0.294441
782,mrZL1,0.365045,0.39357,0.660136,0.193091,0.506175
783,Mr_Grantster,0.607922,0.870954,0.982874,0.715353,0.503017
784,MsChrisMartin,0.819296,0.743834,0.873248,0.486998,0.484685
785,msgeor6e,0.203764,0.564598,0.840909,0.226138,0.390524
786,MShuker,0.368941,0.281177,0.514786,0.119576,0.057712
789,MsLizzPHD,0.708517,0.867516,0.885215,0.399437,0.711652
790,msridgway,0.726874,0.639413,0.875589,0.402093,0.335185
791,msteechur,0.487912,0.647248,0.824077,0.251454,0.399329
792,msucraig09,0.277765,0.585863,0.877206,0.155108,0.175088
793,Ms_Sarah_Greene,0.322064,0.299686,0.669116,0.129323,0.064879
794,Ms_Super_Titch,0.38858,0.751387,0.85658,0.547195,0.215196
795,MuddynoSugar,0.592258,0.522203,0.584095,0.420337,0.267299
796,Mug89,0.308917,0.317173,0.599657,0.043929,0.13835
797,MulaPhotography,0.267687,0.381579,0.602103,0.246173,0.070429
798,MulderFL,0.501939,0.490966,0.551023,0.174265,0.114932
799,musack42,0.587077,0.51006,0.766981,0.141567,0.341573
800,MusicManMinard,0.081729,0.103692,0.544504,0.042199,0.020344
801,music_wine_jw,0.279882,0.446635,0.704601,0.219528,0.168914
802,myharpoon,0.344672,0.433163,0.770268,0.169228,0.087985
803,m_sosh,0.294412,0.784212,0.782674,0.355585,0.265741
804,n4trqjedi,0.384721,0.46002,0.561168,0.163709,0.068348
805,n8brnk,0.506757,0.516766,0.569992,0.032376,0.350953
806,NaelyKnows,0.206699,0.887117,0.97813,0.400963,0.714857
807,naendicott,0.667197,0.30481,0.677379,0.263205,0.134082
808,NamelyNorm,0.526574,0.605511,0.844136,0.394127,0.298604
809,nancy2reagan,0.557596,0.439523,0.78719,0.13539,0.395116
810,NarratedByNick,0.65936,0.124193,0.739466,0.24058,0.063427
811,Nashdave,0.746256,0.177729,0.660938,0.12647,0.137063
812,nashvillejessi,0.155255,0.651315,0.902594,0.289778,0.425546
813,nathanleemiller,0.743226,0.642545,0.636422,0.11519,0.570931
814,Naya2000,0.772142,0.075064,0.484296,0.031362,0.165185
815,NBomba,0.622667,0.872806,0.915764,0.717453,0.628758
816,NBowler1979,0.477567,0.16844,0.71836,0.115308,0.097243
817,NelsonsNose,0.089013,0.230356,0.480858,0.088781,0.050974
819,NerdyMusicChik,0.626621,0.728899,0.942768,0.489788,0.473387
820,nessthehero,0.071868,0.551329,0.748265,0.26807,0.323822
826,NickMoralesJD,0.295816,0.468194,0.730786,0.216415,0.270386
827,nickolaikinny,0.499956,0.732494,0.609569,0.187196,0.2953
828,NicNacsThings,0.472198,0.692217,0.746718,0.133357,0.529624
829,NiCOLE_SANDRA,0.545436,0.644217,0.890484,0.318723,0.585711
830,NigelGM,0.21144,0.509805,0.832001,0.235635,0.25223
831,nightcrawler,0.294298,0.415219,0.584077,0.115286,0.231204
832,NikeGirlCheck,0.645969,0.926073,0.986483,0.511713,0.647918
833,NikiLuv73,0.669313,0.504158,0.867835,0.339028,0.373016
834,Nikkis817,0.412453,0.272678,0.830721,0.188567,0.045235
835,niksmyth,0.124211,0.264148,0.486073,0.066177,0.087866
836,ninaspage,0.708034,0.213432,0.636148,0.28907,0.304332
837,ninau,0.473154,0.293482,0.466611,0.184555,0.110177
838,NinkasiDolley,0.153285,0.544134,0.743622,0.2398,0.516937
839,NKOTBLUVR77,0.507979,0.407747,0.910108,0.251463,0.256967
840,nomiSEZ,0.593932,0.499582,0.79207,0.279694,0.220439
841,NotoriousSIG_,0.33379,0.908863,0.975249,0.511726,0.649134
842,nslingluff,0.255076,0.470178,0.710368,0.237157,0.296736
843,nursepez,0.314233,0.352435,0.759997,0.104892,0.255422
844,NurseVicki_QN,0.456879,0.326954,0.620063,0.111926,0.214377
845,oakcitydylan,0.304124,0.410344,0.501882,0.114152,0.13174
846,oapoet,0.345111,0.756566,0.799607,0.280075,0.454311
847,OfficialSenaH,0.757112,0.890544,0.95151,0.796721,0.486654
848,OHaraBaker,0.229143,0.435033,0.588872,0.135247,0.11193
849,OhHeyGothamGirl,0.474248,0.576609,0.823764,0.142209,0.422592
850,ojeda_aj,0.539887,0.405262,0.68943,0.266033,0.127329
851,OkieThunder,0.264373,0.380885,0.682715,0.140793,0.380451
852,olivetori,0.178082,0.342103,0.541124,0.036734,0.081077
853,omarkhan80,0.13184,0.138653,0.627151,0.082033,0.057353
854,onlychild30ish,0.204751,0.459926,0.524727,0.301467,0.061715
855,oo74nspy,0.178829,0.115653,0.529201,0.024631,0.046483
856,ordinarygirl312,0.462033,0.488441,0.724099,0.067202,0.299592
857,oreondjs,0.469279,0.5803,0.892002,0.292501,0.574074
858,OriginalFaker,0.332945,0.431214,0.860669,0.355458,0.227904
859,ottoclark__,0.585018,0.983257,0.993399,0.685999,0.782232
861,ouilicious,0.419855,0.50983,0.817741,0.374538,0.18329
862,outdoorsnick87,0.327254,0.597346,0.370984,0.099704,0.139534
863,overspoke,0.546084,0.647319,0.564677,0.362975,0.256193
864,Pacliboi04,0.422926,0.361481,0.802015,0.221077,0.12844
865,padonand,0.391737,0.43034,0.755398,0.103409,0.142609
867,pamshaw,0.33766,0.478915,0.622728,0.17877,0.215508
868,Pastiesboy,0.40571,0.548872,0.843676,0.204238,0.166159
869,patricewag,0.472884,0.504975,0.669189,0.093543,0.166842
870,Patrickdb254,0.131841,0.449612,0.539458,0.350033,0.068944
871,PatrickRocca,0.44603,0.133107,0.257417,0.081524,0.029931
872,PatrickTJoyce,0.374873,0.328127,0.593003,0.103971,0.154907
873,patwnj,0.242127,0.333383,0.569181,0.084807,0.247769
874,PauleHazel,0.545218,0.437434,0.720493,0.24563,0.221833
875,PauletteMihale,0.308864,0.409429,0.712937,0.631726,0.255835
876,PaulHMedia,0.562121,0.224595,0.414282,0.141,0.034087
877,Paul_Burc,0.218,0.407509,0.663376,0.225627,0.057186
878,pawkhrua,0.391437,0.136795,0.509187,0.066225,0.066708
879,pbarone,0.214783,0.372908,0.630707,0.111395,0.071584
880,pcarbonneau1,0.277943,0.464647,0.656681,0.225354,0.359
881,PCC38Lightning,0.279924,0.373241,0.397813,0.096637,0.090376
883,Peakography,0.64239,0.518638,0.516878,0.473231,0.279769
884,pedroassumpcao,0.455324,0.302969,0.697119,0.159662,0.101075
885,perezdm,0.480867,0.479462,0.868419,0.101152,0.607508
886,Perfect_Timing,0.077711,0.216319,0.630074,0.085592,0.115376
887,PeteG1973,0.277211,0.630566,0.634136,0.146119,0.307067
888,petekachu,0.137332,0.370833,0.598125,0.075538,0.109255
889,petesart,0.129091,0.140204,0.449134,0.043678,0.066777
890,PeteSBoyd,0.173743,0.813194,0.442805,0.111211,0.281703
892,pgaughran13,0.398132,0.401009,0.73364,0.243771,0.193335
893,Phaedrus1,0.422356,0.223578,0.220227,0.021485,0.147238
894,Phatcub,0.544911,0.437456,0.785084,0.505331,0.442275
895,PHATFoodFan,0.344206,0.198542,0.488342,0.181266,0.155669
896,PhillyGG,0.241367,0.643044,0.818928,0.370299,0.370493
897,photosbykieran,0.705885,0.732213,0.831672,0.221106,0.53124
898,picklejars,0.346038,0.425016,0.686496,0.069824,0.305513
899,PittGirly,0.222269,0.340267,0.627443,0.066594,0.229091
900,PL1311,0.379724,0.059754,0.465587,0.017415,0.028804
901,plrodriguez,0.476675,0.415127,0.764907,0.16005,0.185463
902,pluckus,0.704675,0.667843,0.890709,0.31992,0.374016
903,pointsnfigures,0.086759,0.195632,0.369964,0.032889,0.033812
904,PositivePatti,0.412725,0.406325,0.443722,0.091099,0.132332
905,PRBerk,0.485152,0.320498,0.821153,0.110481,0.170201
906,PrettiBoiRob,0.448605,0.690521,0.94806,0.31088,0.376303
907,PSCGrad2015,0.164337,0.486969,0.667438,0.301472,0.593761
908,Purpl0704,0.286485,0.529081,0.871973,0.321955,0.334021
909,pvdelucchi,0.42767,0.152051,0.56965,0.066882,0.031311
910,QBdaDiva,0.192042,0.42411,0.46656,0.187291,0.138835
911,radiobuff,0.239349,0.080365,0.51972,0.051643,0.049505
912,radstarr,0.143688,0.598323,0.828859,0.129704,0.176115
913,raggiesoft,0.149001,0.515609,0.658598,0.150167,0.1786
914,railfan514,0.445248,0.232724,0.684362,0.150093,0.057953
915,RamonReyesJr,0.250471,0.510119,0.734987,0.304892,0.469719
916,randizzle02127,0.310601,0.482486,0.781031,0.312522,0.516236
917,Raptor6735,0.194195,0.58029,0.831517,0.193686,0.211492
918,raulsmith22,0.65253,0.643411,0.934355,0.273642,0.45441
919,RealtorJimLee,0.483935,0.35747,0.259267,0.13784,0.050311
920,realzil,0.485241,0.522464,0.818948,0.242066,0.302736
921,redbaronsn,0.200908,0.450121,0.698433,0.226458,0.33765
922,Renegade528,0.431925,0.173485,0.597811,0.16068,0.036114
923,renwop,0.687945,0.337714,0.428499,0.100241,0.125421
924,rferlopes,0.206782,0.556443,0.798044,0.247005,0.496546
925,Rh1n0g1rl,0.431781,0.235978,0.738241,0.319713,0.034201
926,Riccobono,0.583606,0.641255,0.552981,0.175992,0.43949
927,RichGriffis,0.328573,0.883474,0.917576,0.231045,0.723357
928,RJN_II,0.342971,0.418178,0.69741,0.100682,0.276056
930,robchang007,0.30179,0.443273,0.611449,0.19068,0.573126
931,robfreeborn,0.14344,0.651473,0.814171,0.329911,0.164972
932,roblouiscomedy,0.472832,0.419565,0.870122,0.239795,0.275203
933,Rohman1414,0.417166,0.432448,0.804568,0.131895,0.218336
934,rolynn123,0.404898,0.56699,0.55259,0.178856,0.093305
935,RomoniDAubigne,0.337852,0.659429,0.921073,0.306714,0.409982
936,Ron_Clements,0.245694,0.048962,0.57101,0.127896,0.010621
937,roxiebeane,0.232589,0.764345,0.925826,0.289921,0.571853
938,rplandry1964,0.2465,0.528792,0.736942,0.1287,0.288492
939,RSoon,0.111671,0.849633,0.941734,0.329664,0.499409
940,rtpgurl,0.470226,0.501022,0.874866,0.18658,0.540756
941,RunMizzou11,0.189492,0.293915,0.865236,0.268088,0.057456
943,russso8,0.518542,0.374914,0.743835,0.165207,0.151935
944,RyanKolder,0.182084,0.457249,0.578936,0.356678,0.141831
945,rynesechrist,0.374024,0.398559,0.677824,0.097273,0.295289
946,sachsedad,0.072652,0.584914,0.830218,0.21182,0.27772
947,saikhun,0.261954,0.487584,0.710734,0.342697,0.342133
948,SailorCallie,0.647667,0.126317,0.628413,0.147961,0.167504
949,SaintDelfino89,0.370807,0.411633,0.875484,0.205636,0.208236
950,salaboutme,0.217176,0.250527,0.735072,0.069287,0.075892
951,samlevysam,0.34426,0.421027,0.625045,0.229358,0.167154
952,sammie_spad,0.218489,0.833059,0.906116,0.268429,0.440529
953,samorama,0.146992,0.588894,0.901497,0.277176,0.300448
954,samsimon,0.181665,0.238139,0.419539,0.025246,0.071975
955,sanaking,0.222092,0.408189,0.545927,0.046647,0.169659
956,Sarkastik_Pupil,0.42488,0.174822,0.804535,0.126654,0.06571
957,SashaChocolat69,0.308678,0.460003,0.780315,0.106358,0.321592
958,SAuuuD,0.186354,0.454737,0.640091,0.329639,0.154384
959,sbrownehr,0.514202,0.631741,0.737237,0.193877,0.415682
960,schneij,0.314205,0.204868,0.314941,0.023114,0.029465
961,scnr,0.141556,0.486727,0.50829,0.240032,0.381061
962,ScottSandalow,0.287096,0.647001,0.878872,0.421579,0.151024
963,ScottyNack,0.371945,0.342344,0.801525,0.210357,0.045521
964,Scrumptyous1,0.679114,0.55871,0.920835,0.346446,0.295089
965,seabeck,0.511386,0.824801,0.890535,0.210411,0.467309
966,SeamusCampbell,0.154277,0.199807,0.543428,0.089871,0.079829
967,seanskisells,0.439901,0.467047,0.88901,0.145391,0.381126
968,SeathGyra,0.194622,0.458939,0.51518,0.345966,0.580792
969,Senaca77,0.279956,0.498089,0.855948,0.323493,0.317222
970,septembergirl95,0.647284,0.308462,0.705429,0.102246,0.297696
971,sethbokelman,0.263826,0.285878,0.645462,0.096678,0.056525
972,sggirbekim,0.605225,0.678872,0.670069,0.10209,0.679618
973,shaiyhoward,0.742816,0.712624,0.910426,0.457423,0.327797
974,shanemichael70,0.294323,0.456167,0.679293,0.244455,0.459154
975,shaniaq,0.710378,0.041029,0.361285,0.10784,0.149013
976,shanicesaunt,0.156661,0.666224,0.772758,0.209385,0.538382
977,Shan_MeShell,0.844471,0.652921,0.939456,0.392904,0.570313
978,Shashena,0.296977,0.640184,0.944471,0.520238,0.094104
979,shebainpdx,0.301263,0.558922,0.828194,0.305476,0.146754
980,shell7609,0.388514,0.665509,0.914974,0.420148,0.749527
982,shellyBmedia,0.303546,0.676053,0.782385,0.157251,0.238951
983,SherryLesley,0.259926,0.525044,0.640774,0.231873,0.423984
984,ShE_iSiT,0.626772,0.818356,0.969258,0.438593,0.52769
985,ShGranth,0.391214,0.322956,0.384007,0.146501,0.289321
986,shikx,0.751995,0.745955,0.805935,0.260296,0.371727
987,shopkween,0.074658,0.165966,0.480799,0.016782,0.119402
988,shygirl1252,0.19571,0.471073,0.566398,0.348426,0.45139
989,silbuzz,0.568921,0.678338,0.87412,0.492642,0.488007
990,SilverFear,0.595123,0.311728,0.698097,0.098667,0.09464
991,Skullitor,0.415442,0.577135,0.880619,0.363301,0.580572
992,skymax64,0.263825,0.425516,0.721607,0.161608,0.171765
993,sladewilson,0.609195,0.379015,0.819997,0.204962,0.18542
994,Slatetank,0.436158,0.291615,0.455313,0.07141,0.116675
995,smacksfc,0.391673,0.262346,0.771559,0.117386,0.037871
996,soberone14,0.297191,0.498604,0.584137,0.107856,0.198267
997,SoChiSince81,0.555369,0.253351,0.788594,0.166315,0.060655
998,Sofia_Esqueda,0.535344,0.568221,0.841836,0.170674,0.643597
999,Solwrker,0.435809,0.588267,0.707647,0.201524,0.462532
1000,sonic13oom,0.555169,0.342279,0.652278,0.098312,0.178772
1002,speakotosico,0.362129,0.52168,0.866292,0.339089,0.640574
1003,spectralnischay,0.331862,0.515904,0.797735,0.259109,0.13409
1004,spflugler,0.625919,0.392247,0.853116,0.21196,0.125519
1005,spicymon,0.400595,0.405228,0.743556,0.100561,0.295756
1006,SpoiledBrat0925,0.871736,0.854703,0.9215,0.222511,0.720167
1007,sreggie,0.221464,0.497257,0.814628,0.19825,0.188022
1008,SrHaumont,0.27492,0.475455,0.711624,0.207186,0.272164
1010,stankillian,0.541814,0.359847,0.790549,0.18566,0.197932
1011,stephencrump,0.155389,0.441034,0.815128,0.258248,0.093977
1012,StephSaysIt,0.519007,0.461247,0.883433,0.286008,0.306227
1013,stephsia,0.467694,0.50842,0.808033,0.348319,0.237215
1014,StevenMillerROC,0.235254,0.458768,0.679329,0.268257,0.23764
1015,Steveroth21,0.413168,0.390026,0.665437,0.130744,0.227051
1016,Steve_J_Barrett,0.763667,0.129142,0.447831,0.299939,0.018851
1018,stimpy47,0.196125,0.405553,0.512565,0.077487,0.228553
1019,StoneGinger2624,0.644298,0.667963,0.762791,0.30797,0.373591
1020,stormtracker74,0.569798,0.40568,0.731442,0.151484,0.153602
1021,stretchd,0.583665,0.70595,0.964546,0.490222,0.470436
1022,Stubhub88,0.301094,0.446628,0.740998,0.254389,0.295383
1023,sundishine2,0.302293,0.583751,0.827077,0.290065,0.430806
1024,SwampysFlorida,0.387701,0.374373,0.401619,0.11366,0.096052
1025,sweetblogomine,0.521369,0.465852,0.743645,0.1522,0.192534
1027,Syclone0044,0.232404,0.380388,0.74747,0.207403,0.171167
1028,T3DOGS,0.351324,0.280146,0.5665,0.124087,0.139743
1029,tallguy007,0.299657,0.527292,0.706644,0.138039,0.48156
1030,tallnoe,0.063313,0.309583,0.58812,0.051178,0.138759
1031,TamaraBurks,0.209279,0.583695,0.447942,0.230001,0.209521
1032,tamsterstpaul,0.299615,0.444704,0.6543,0.175804,0.237147
1033,tatzanx,0.049049,0.164593,0.41973,0.016908,0.09733
1034,TaWanna_French,0.421937,0.609576,0.469088,0.020834,0.527366
1036,tazbisson,0.110484,0.126415,0.646352,0.02996,0.104366
1037,TD2timeMVP,0.655164,0.219095,0.75154,0.287489,0.063047
1038,TechGirlGeek,0.306312,0.357669,0.575331,0.057863,0.242404
1039,teknodave,0.449085,0.290733,0.724408,0.092583,0.145854
1040,thamlyn,0.490341,0.357149,0.584238,0.044115,0.258831
1041,thatgirltee,0.838635,0.72661,0.956037,0.382318,0.508572
1042,ThatsOD_e,0.108737,0.831677,0.825015,0.430832,0.575411
1043,theafricanrick,0.568503,0.596128,0.913036,0.24199,0.237496
1044,thealpha0mega,0.269163,0.323986,0.666705,0.130857,0.198335
1045,TheatreGirl79,0.38893,0.692655,0.881815,0.307688,0.496318
1046,thebrackenator,0.331156,0.419957,0.774622,0.277269,0.43407
1047,TheCocos,0.35316,0.456278,0.61086,0.230121,0.072881
1048,TheCrankyFan,0.160032,0.33397,0.875499,0.585662,0.036416
1051,thekingmedia,0.45955,0.704359,0.767018,0.406343,0.276181
1052,TheLifeOfNadia,0.44575,0.592884,0.902562,0.420019,0.319461
1053,TheListener83,0.193161,0.459115,0.591035,0.355169,0.697219
1055,thewayoftheid,0.141436,0.640937,0.888707,0.436011,0.337012
1056,The_ChrisBryant,0.196401,0.653737,0.783347,0.314092,0.355197
1057,The_K_Mac_D,0.467316,0.36952,0.87562,0.284396,0.062675
1058,ThisGuy_Kav,0.49944,0.692685,0.935471,0.396907,0.290448
1059,ThisIsTee1,0.284423,0.563423,0.885877,0.284302,0.305056
1060,thomgore,0.751772,0.552092,0.866123,0.369387,0.367448
1061,TimWJackson,0.404249,0.070404,0.186887,0.018639,0.029735
1062,TineisBrutal,0.397635,0.489534,0.795167,0.272057,0.399146
1063,Tiwaina,0.819201,0.904693,0.965161,0.605177,0.661703
1065,TLThompson731,0.409916,0.420102,0.762149,0.290029,0.211026
1066,TMPaulson,0.261291,0.451433,0.73399,0.16452,0.080773
1067,toddkehley,0.427816,0.566521,0.71814,0.103443,0.273015
1068,tomheikkinen,0.477315,0.078632,0.586163,0.067133,0.042171
1069,TomMiskowiec,0.168418,0.664482,0.707402,0.060589,0.310947
1070,TommySmalls,0.271132,0.66295,0.949903,0.313884,0.360395
1071,tonigcampbell,0.314978,0.971424,0.939365,0.855221,0.849722
1073,tonychesneyfan,0.724764,0.977447,0.97029,0.434908,0.853371
1075,Trapper5150,0.468715,0.147774,0.629527,0.061918,0.14467
1076,TRAVISAURU5,0.488567,0.359943,0.789742,0.499411,0.280118
1077,trevorevans,0.259687,0.303189,0.681145,0.128677,0.163904
1078,TRTR1000,0.348102,0.891044,0.864698,0.342488,0.598302
1079,trucker_derek,0.265679,0.410345,0.654062,0.162222,0.205308
1080,Trudo,0.358588,0.070411,0.688058,0.389104,0.038164
1083,Tsali,0.296747,0.555963,0.786146,0.157174,0.366618
1084,tscottclark,0.334798,0.436382,0.750361,0.202762,0.176194
1085,tsharon,0.592424,0.59421,0.615081,0.351494,0.737522
1087,UberDorkGirlie,0.261358,0.72892,0.82751,0.348775,0.509958
1088,ugaodawg,0.470445,0.238986,0.096183,0.027306,0.405467
1090,UltraEpicure,0.563403,0.414928,0.837207,0.161575,0.219955
1091,Ultraman1973,0.849307,0.13891,0.244305,0.08991,0.141115
1093,unFLaWed,0.595265,0.52601,0.924783,0.262356,0.27162
1094,UWMateo,0.62467,0.304696,0.813146,0.110249,0.127829
1095,vannilas,0.649266,0.478337,0.780102,0.211756,0.188962
1096,Vereynn,0.207455,0.466611,0.61336,0.37263,0.228741
1097,Vester_T,0.423184,0.420873,0.791003,0.199323,0.097242
1098,Victoreedia,0.249024,0.72053,0.891355,0.24987,0.468963
1099,VinegarMike,0.068643,0.495587,0.824984,0.203657,0.3137
1100,vMattPrice,0.57686,0.36823,0.678788,0.198525,0.141575
1101,vmwheeler,0.380468,0.379445,0.527204,0.08149,0.29452
1102,vnordy,0.186166,0.41898,0.291848,0.186958,0.073314
1104,vonatron,0.489409,0.36334,0.600287,0.183975,0.075719
1105,wahine69,0.582341,0.653351,0.823323,0.356767,0.262713
1106,walljm,0.372098,0.505793,0.53601,0.063759,0.312909
1107,waverunner2k3,0.459722,0.317118,0.790562,0.125581,0.119012
1108,WayneQuianthy,0.179643,0.508575,0.570311,0.267068,0.55009
1110,WebDev_Brandon,0.374475,0.46235,0.575461,0.196837,0.270123
1111,webvixen,0.112747,0.068496,0.398653,0.015095,0.037329
1112,weirdlikejamiee,0.371284,0.621051,0.944365,0.32621,0.591782
1113,WeslowskiB,0.35199,0.153251,0.542949,0.04602,0.071661
1114,whitestar2009,0.153593,0.468292,0.631575,0.356893,0.031195
1116,WildYoungCharm,0.420451,0.596122,0.83665,0.386913,0.383317
1117,WilJames,0.150844,0.46953,0.711245,0.272545,0.184695
1118,Willie_Martinez,0.466892,0.378496,0.731854,0.061624,0.216681
1119,Will_Know_It,0.62489,0.350302,0.836624,0.321227,0.079318
1120,Wingtipzz,0.139792,0.49257,0.771683,0.269538,0.411758
1121,wmrfaulds,0.257004,0.463137,0.752266,0.340776,0.505628
1122,WorldKeySteve,0.37276,0.469758,0.621721,0.105102,0.227652
1123,wwhopper,0.315913,0.367837,0.22808,0.059945,0.069167
1125,Ydelfonso79,0.18402,0.468171,0.574069,0.376155,0.493203
1126,yellem316,0.403812,0.43747,0.778085,0.213239,0.339382
1127,yotaman,0.443216,0.454838,0.721313,0.125657,0.144466
1128,Yummygrl,0.592447,0.466327,0.870418,0.289441,0.227435
1129,zachary_c_long,0.224028,0.533211,0.750473,0.220873,0.357012
1130,Zenmaster718,0.531201,0.513487,0.897983,0.257003,0.35009
1131,zhiyee96,0.398519,0.532399,0.841985,0.408226,0.294074
1132,zkinney,0.410516,0.348435,0.364858,0.06423,0.18974
1133,_412710449148,0.233633,0.402733,0.65665,0.196105,0.096032
1134,_Celenyyy,0.611943,0.614882,0.92301,0.420331,0.233012
1135,_drdamian,0.401371,0.468515,0.415808,0.196319,0.340321
1136,_greeneyedlady_,0.378468,0.467118,0.760162,0.329167,0.41911
1137,_iFant,0.264458,0.45588,0.741341,0.3447,0.526385
1138,_richierich_41,0.237418,0.458975,0.823915,0.407724,0.180424
1139,_SophistiKated_,0.335607,0.455201,0.287106,0.131228,0.311986
